idna_subject,checker_type,destination,source,tested_at
diggstatic.com,AVAILABILITY,fanboy_social_thirdparty.txt,/home/runner/work/EasyList/EasyList/fanboy_social_thirdparty.txt,2021-01-28 22:58:46.864650
facebook.com*,AVAILABILITY,fanboy_social_thirdparty.txt,/home/runner/work/EasyList/EasyList/fanboy_social_thirdparty.txt,2021-01-28 23:00:21.265855
instagramfollowbutton.com,AVAILABILITY,fanboy_social_thirdparty.txt,/home/runner/work/EasyList/EasyList/fanboy_social_thirdparty.txt,2021-01-28 23:07:50.830241
platform.twitter.com*,AVAILABILITY,fanboy_social_thirdparty.txt,/home/runner/work/EasyList/EasyList/fanboy_social_thirdparty.txt,2021-01-28 23:12:04.790689
smartaddon.com,AVAILABILITY,fanboy_social_thirdparty.txt,/home/runner/work/EasyList/EasyList/fanboy_social_thirdparty.txt,2021-01-28 23:28:09.586907
socialhoney.co,AVAILABILITY,fanboy_social_thirdparty.txt,/home/runner/work/EasyList/EasyList/fanboy_social_thirdparty.txt,2021-01-28 23:31:24.094969
static*.linkedin.com,AVAILABILITY,fanboy_social_thirdparty.txt,/home/runner/work/EasyList/EasyList/fanboy_social_thirdparty.txt,2021-01-29 01:20:59.343635
twitstat.us,AVAILABILITY,fanboy_social_thirdparty.txt,/home/runner/work/EasyList/EasyList/fanboy_social_thirdparty.txt,2021-01-29 01:26:13.497721
ywidgets.awe.sm,AVAILABILITY,fanboy_social_thirdparty.txt,/home/runner/work/EasyList/EasyList/fanboy_social_thirdparty.txt,2021-01-29 01:41:46.198113
facebook.com*,AVAILABILITY,fanboy_social_thirdparty.txt,/storage01/repos/github/dns-test/EasyList/fanboy_social_thirdparty.txt,2021-01-29 03:11:41.785287
platform.twitter.com*,AVAILABILITY,fanboy_social_thirdparty.txt,/storage01/repos/github/dns-test/EasyList/fanboy_social_thirdparty.txt,2021-01-29 03:13:09.602513
diggstatic.com,AVAILABILITY,fanboy_social_thirdparty.txt,/storage01/repos/github/dns-test/EasyList/fanboy_social_thirdparty.txt,2021-01-29 03:13:27.345963
instagramfollowbutton.com,AVAILABILITY,fanboy_social_thirdparty.txt,/storage01/repos/github/dns-test/EasyList/fanboy_social_thirdparty.txt,2021-01-29 03:15:04.495259
static*.linkedin.com,AVAILABILITY,fanboy_social_thirdparty.txt,/storage01/repos/github/dns-test/EasyList/fanboy_social_thirdparty.txt,2021-01-29 03:15:05.091445
socialhoney.co,AVAILABILITY,fanboy_social_thirdparty.txt,/storage01/repos/github/dns-test/EasyList/fanboy_social_thirdparty.txt,2021-01-29 03:17:23.724789
twitstat.us,AVAILABILITY,fanboy_social_thirdparty.txt,/storage01/repos/github/dns-test/EasyList/fanboy_social_thirdparty.txt,2021-01-29 03:18:22.880709
ywidgets.awe.sm,AVAILABILITY,fanboy_social_thirdparty.txt,/storage01/repos/github/dns-test/EasyList/fanboy_social_thirdparty.txt,2021-01-29 03:21:04.052716
smartaddon.com,AVAILABILITY,fanboy_social_thirdparty.txt,/storage01/repos/github/dns-test/EasyList/fanboy_social_thirdparty.txt,2021-01-29 03:21:49.235251
04426f8b7ce9b069431.com,AVAILABILITY,easylist_adservers.txt,/storage01/repos/github/dns-test/EasyList/easylist_adservers.txt,2021-01-29 03:30:14.851704
073c0cec65916314a.com,AVAILABILITY,easylist_adservers.txt,/storage01/repos/github/dns-test/EasyList/easylist_adservers.txt,2021-01-29 03:30:20.118801
07346e971b1ec7f.com,AVAILABILITY,easylist_adservers.txt,/storage01/repos/github/dns-test/EasyList/easylist_adservers.txt,2021-01-29 03:30:20.387245
0aa89ur58y.top,AVAILABILITY,easylist_adservers.txt,/storage01/repos/github/dns-test/EasyList/easylist_adservers.txt,2021-01-29 03:30:20.548356
0898hhh.com,AVAILABILITY,easylist_adservers.txt,/storage01/repos/github/dns-test/EasyList/easylist_adservers.txt,2021-01-29 03:30:21.554922
0c8a10b46fc6.com,AVAILABILITY,easylist_adservers.txt,/storage01/repos/github/dns-test/EasyList/easylist_adservers.txt,2021-01-29 03:30:25.743614
1f58098dd54.com,AVAILABILITY,easylist_adservers.txt,/storage01/repos/github/dns-test/EasyList/easylist_adservers.txt,2021-01-29 03:32:36.736343
10a053584f01fcaeab1.com,AVAILABILITY,easylist_adservers.txt,/storage01/repos/github/dns-test/EasyList/easylist_adservers.txt,2021-01-29 03:32:38.565839
165a7c15380874ef3.com,AVAILABILITY,easylist_adservers.txt,/storage01/repos/github/dns-test/EasyList/easylist_adservers.txt,2021-01-29 03:32:38.777638
110380d053f716c4.com,AVAILABILITY,easylist_adservers.txt,/storage01/repos/github/dns-test/EasyList/easylist_adservers.txt,2021-01-29 03:32:39.504051
12dc71b7cb820f2a.com,AVAILABILITY,easylist_adservers.txt,/storage01/repos/github/dns-test/EasyList/easylist_adservers.txt,2021-01-29 03:32:39.535899
1sen-pit-fan.com,AVAILABILITY,easylist_adservers.txt,/storage01/repos/github/dns-test/EasyList/easylist_adservers.txt,2021-01-29 03:32:40.974437
20afcc1f257.com,AVAILABILITY,easylist_adservers.txt,/storage01/repos/github/dns-test/EasyList/easylist_adservers.txt,2021-01-29 03:34:48.657468
2hanwriten.com,AVAILABILITY,easylist_adservers.txt,/storage01/repos/github/dns-test/EasyList/easylist_adservers.txt,2021-01-29 03:34:51.270115
304c40d20085e.com,AVAILABILITY,easylist_adservers.txt,/storage01/repos/github/dns-test/EasyList/easylist_adservers.txt,2021-01-29 03:34:52.974200
2778255fe56.com,AVAILABILITY,easylist_adservers.txt,/storage01/repos/github/dns-test/EasyList/easylist_adservers.txt,2021-01-29 03:34:54.580416
344dea1d6d130a7e8e.com,AVAILABILITY,easylist_adservers.txt,/storage01/repos/github/dns-test/EasyList/easylist_adservers.txt,2021-01-29 03:35:25.613689
46186911.vtt,AVAILABILITY,easylist_adservers.txt,/storage01/repos/github/dns-test/EasyList/easylist_adservers.txt,2021-01-29 03:35:30.029657
3878896c72ed218.com,AVAILABILITY,easylist_adservers.txt,/storage01/repos/github/dns-test/EasyList/easylist_adservers.txt,2021-01-29 03:36:59.012793
3b0b68c876376f7311.com,AVAILABILITY,easylist_adservers.txt,/storage01/repos/github/dns-test/EasyList/easylist_adservers.txt,2021-01-29 03:37:02.649455
4141d006e4f4dd17ab9.com,AVAILABILITY,easylist_adservers.txt,/storage01/repos/github/dns-test/EasyList/easylist_adservers.txt,2021-01-29 03:37:04.548505
41ef19c0f0794e058c.com,AVAILABILITY,easylist_adservers.txt,/storage01/repos/github/dns-test/EasyList/easylist_adservers.txt,2021-01-29 03:37:06.585991
24smile.org,AVAILABILITY,easylist_adservers.txt,/storage01/repos/github/dns-test/EasyList/easylist_adservers.txt,2021-01-29 03:37:17.093790
4e34b4865905c4.com,AVAILABILITY,easylist_adservers.txt,/storage01/repos/github/dns-test/EasyList/easylist_adservers.txt,2021-01-29 03:38:12.926054
4eacccd99990beed317.com,AVAILABILITY,easylist_adservers.txt,/storage01/repos/github/dns-test/EasyList/easylist_adservers.txt,2021-01-29 03:39:09.071737
4fb0a3bf4a3d38.com,AVAILABILITY,easylist_adservers.txt,/storage01/repos/github/dns-test/EasyList/easylist_adservers.txt,2021-01-29 03:39:14.282530
5edb123fa3329.com,AVAILABILITY,easylist_adservers.txt,/storage01/repos/github/dns-test/EasyList/easylist_adservers.txt,2021-01-29 03:39:32.731108
640f94e47dc41c.com,AVAILABILITY,easylist_adservers.txt,/storage01/repos/github/dns-test/EasyList/easylist_adservers.txt,2021-01-29 03:39:38.104324
6bd9a2ea1a1801e55.com,AVAILABILITY,easylist_adservers.txt,/storage01/repos/github/dns-test/EasyList/easylist_adservers.txt,2021-01-29 03:39:52.109929
6c37f8a12dede103bf7.com,AVAILABILITY,easylist_adservers.txt,/storage01/repos/github/dns-test/EasyList/easylist_adservers.txt,2021-01-29 03:40:29.850494
6d25c5a1bb9e821f3b7.com,AVAILABILITY,easylist_adservers.txt,/storage01/repos/github/dns-test/EasyList/easylist_adservers.txt,2021-01-29 03:41:24.646670
7089e5b41f87.com,AVAILABILITY,easylist_adservers.txt,/storage01/repos/github/dns-test/EasyList/easylist_adservers.txt,2021-01-29 03:41:29.578386
736f35dde67b7da2976.com,AVAILABILITY,easylist_adservers.txt,/storage01/repos/github/dns-test/EasyList/easylist_adservers.txt,2021-01-29 03:41:52.059352
729dcbaa57e80c1e.com,AVAILABILITY,easylist_adservers.txt,/storage01/repos/github/dns-test/EasyList/easylist_adservers.txt,2021-01-29 03:41:53.408714
74da0fffc981.com,AVAILABILITY,easylist_adservers.txt,/storage01/repos/github/dns-test/EasyList/easylist_adservers.txt,2021-01-29 03:42:02.720903
750industries.com,AVAILABILITY,easylist_adservers.txt,/storage01/repos/github/dns-test/EasyList/easylist_adservers.txt,2021-01-29 03:42:55.040917
754daf9cd396259.com,AVAILABILITY,easylist_adservers.txt,/storage01/repos/github/dns-test/EasyList/easylist_adservers.txt,2021-01-29 03:43:33.019518
80055404.vtt,AVAILABILITY,easylist_adservers.txt,/storage01/repos/github/dns-test/EasyList/easylist_adservers.txt,2021-01-29 03:43:35.957415
757a51ce62f.com,AVAILABILITY,easylist_adservers.txt,/storage01/repos/github/dns-test/EasyList/easylist_adservers.txt,2021-01-29 03:43:37.993703
771b92b0ca0963e.com,AVAILABILITY,easylist_adservers.txt,/storage01/repos/github/dns-test/EasyList/easylist_adservers.txt,2021-01-29 03:44:00.436234
7d6260236b547b31f.com,AVAILABILITY,easylist_adservers.txt,/storage01/repos/github/dns-test/EasyList/easylist_adservers.txt,2021-01-29 03:44:11.894932
04426f8b7ce9b069431.com,AVAILABILITY,easylist_adservers.txt,/home/runner/work/EasyList/EasyList/easylist_adservers.txt,2021-01-29 03:48:42.217346
07346e971b1ec7f.com,AVAILABILITY,easylist_adservers.txt,/home/runner/work/EasyList/EasyList/easylist_adservers.txt,2021-01-29 03:51:22.144931
073c0cec65916314a.com,AVAILABILITY,easylist_adservers.txt,/home/runner/work/EasyList/EasyList/easylist_adservers.txt,2021-01-29 03:54:01.060518
0898hhh.com,AVAILABILITY,easylist_adservers.txt,/home/runner/work/EasyList/EasyList/easylist_adservers.txt,2021-01-29 03:56:38.296821
0aa89ur58y.top,AVAILABILITY,easylist_adservers.txt,/home/runner/work/EasyList/EasyList/easylist_adservers.txt,2021-01-29 03:59:16.163622
0c8a10b46fc6.com,AVAILABILITY,easylist_adservers.txt,/home/runner/work/EasyList/EasyList/easylist_adservers.txt,2021-01-29 04:01:53.257617
10a053584f01fcaeab1.com,AVAILABILITY,easylist_adservers.txt,/home/runner/work/EasyList/EasyList/easylist_adservers.txt,2021-01-29 04:04:32.849695
110380d053f716c4.com,AVAILABILITY,easylist_adservers.txt,/home/runner/work/EasyList/EasyList/easylist_adservers.txt,2021-01-29 04:07:25.239126
12dc71b7cb820f2a.com,AVAILABILITY,easylist_adservers.txt,/home/runner/work/EasyList/EasyList/easylist_adservers.txt,2021-01-29 04:10:14.704028
165a7c15380874ef3.com,AVAILABILITY,easylist_adservers.txt,/home/runner/work/EasyList/EasyList/easylist_adservers.txt,2021-01-29 04:12:53.416997
1f58098dd54.com,AVAILABILITY,easylist_adservers.txt,/home/runner/work/EasyList/EasyList/easylist_adservers.txt,2021-01-29 04:15:32.633065
1sen-pit-fan.com,AVAILABILITY,easylist_adservers.txt,/home/runner/work/EasyList/EasyList/easylist_adservers.txt,2021-01-29 04:18:15.299275
20afcc1f257.com,AVAILABILITY,easylist_adservers.txt,/home/runner/work/EasyList/EasyList/easylist_adservers.txt,2021-01-29 04:20:52.709501
24smile.org,AVAILABILITY,easylist_adservers.txt,/home/runner/work/EasyList/EasyList/easylist_adservers.txt,2021-01-29 04:26:07.506258
2778255fe56.com,AVAILABILITY,easylist_adservers.txt,/home/runner/work/EasyList/EasyList/easylist_adservers.txt,2021-01-29 04:28:44.496364
2hanwriten.com,AVAILABILITY,easylist_adservers.txt,/home/runner/work/EasyList/EasyList/easylist_adservers.txt,2021-01-29 04:31:56.670981
304c40d20085e.com,AVAILABILITY,easylist_adservers.txt,/home/runner/work/EasyList/EasyList/easylist_adservers.txt,2021-01-29 04:48:51.521601
344dea1d6d130a7e8e.com,AVAILABILITY,easylist_adservers.txt,/home/runner/work/EasyList/EasyList/easylist_adservers.txt,2021-01-29 04:51:36.436343
3878896c72ed218.com,AVAILABILITY,easylist_adservers.txt,/home/runner/work/EasyList/EasyList/easylist_adservers.txt,2021-01-29 04:54:20.012855
3b0b68c876376f7311.com,AVAILABILITY,easylist_adservers.txt,/home/runner/work/EasyList/EasyList/easylist_adservers.txt,2021-01-29 04:57:02.958044
4141d006e4f4dd17ab9.com,AVAILABILITY,easylist_adservers.txt,/home/runner/work/EasyList/EasyList/easylist_adservers.txt,2021-01-29 04:59:49.217088
41ef19c0f0794e058c.com,AVAILABILITY,easylist_adservers.txt,/home/runner/work/EasyList/EasyList/easylist_adservers.txt,2021-01-29 05:02:30.605564
46186911.vtt,AVAILABILITY,easylist_adservers.txt,/home/runner/work/EasyList/EasyList/easylist_adservers.txt,2021-01-29 05:02:32.824608
4e34b4865905c4.com,AVAILABILITY,easylist_adservers.txt,/home/runner/work/EasyList/EasyList/easylist_adservers.txt,2021-01-29 05:05:50.413933
4eacccd99990beed317.com,AVAILABILITY,easylist_adservers.txt,/home/runner/work/EasyList/EasyList/easylist_adservers.txt,2021-01-29 05:08:31.422833
4fb0a3bf4a3d38.com,AVAILABILITY,easylist_adservers.txt,/home/runner/work/EasyList/EasyList/easylist_adservers.txt,2021-01-29 05:11:13.256911
5edb123fa3329.com,AVAILABILITY,easylist_adservers.txt,/home/runner/work/EasyList/EasyList/easylist_adservers.txt,2021-01-29 05:14:38.551029
640f94e47dc41c.com,AVAILABILITY,easylist_adservers.txt,/home/runner/work/EasyList/EasyList/easylist_adservers.txt,2021-01-29 05:17:24.286058
6bd9a2ea1a1801e55.com,AVAILABILITY,easylist_adservers.txt,/home/runner/work/EasyList/EasyList/easylist_adservers.txt,2021-01-29 05:20:10.139930
6c37f8a12dede103bf7.com,AVAILABILITY,easylist_adservers.txt,/home/runner/work/EasyList/EasyList/easylist_adservers.txt,2021-01-29 05:22:51.544190
6d25c5a1bb9e821f3b7.com,AVAILABILITY,easylist_adservers.txt,/home/runner/work/EasyList/EasyList/easylist_adservers.txt,2021-01-29 05:25:32.911520
7089e5b41f87.com,AVAILABILITY,easylist_adservers.txt,/home/runner/work/EasyList/EasyList/easylist_adservers.txt,2021-01-29 05:28:19.041170
729dcbaa57e80c1e.com,AVAILABILITY,easylist_adservers.txt,/home/runner/work/EasyList/EasyList/easylist_adservers.txt,2021-01-29 05:31:12.878803
736f35dde67b7da2976.com,AVAILABILITY,easylist_adservers.txt,/home/runner/work/EasyList/EasyList/easylist_adservers.txt,2021-01-29 06:43:45.135362
74da0fffc981.com,AVAILABILITY,easylist_adservers.txt,/home/runner/work/EasyList/EasyList/easylist_adservers.txt,2021-01-29 06:46:28.458554
750industries.com,AVAILABILITY,easylist_adservers.txt,/home/runner/work/EasyList/EasyList/easylist_adservers.txt,2021-01-29 06:49:35.296521
754daf9cd396259.com,AVAILABILITY,easylist_adservers.txt,/home/runner/work/EasyList/EasyList/easylist_adservers.txt,2021-01-29 06:52:16.915278
757a51ce62f.com,AVAILABILITY,easylist_adservers.txt,/home/runner/work/EasyList/EasyList/easylist_adservers.txt,2021-01-29 06:54:58.511137
771b92b0ca0963e.com,AVAILABILITY,easylist_adservers.txt,/home/runner/work/EasyList/EasyList/easylist_adservers.txt,2021-01-29 06:57:40.516705
7d6260236b547b31f.com,AVAILABILITY,easylist_adservers.txt,/home/runner/work/EasyList/EasyList/easylist_adservers.txt,2021-01-29 07:01:05.321060
7dp6g2rqzn.com,AVAILABILITY,easylist_adservers.txt,/home/runner/work/EasyList/EasyList/easylist_adservers.txt,2021-01-29 07:03:47.203353
80055404.vtt,AVAILABILITY,easylist_adservers.txt,/home/runner/work/EasyList/EasyList/easylist_adservers.txt,2021-01-29 07:04:39.977368
95a44ebca8b1abc20.com,AVAILABILITY,easylist_adservers.txt,/home/runner/work/EasyList/EasyList/easylist_adservers.txt,2021-01-29 07:08:06.441507
99e5da34520d.com,AVAILABILITY,easylist_adservers.txt,/home/runner/work/EasyList/EasyList/easylist_adservers.txt,2021-01-29 07:10:48.961541
9b13c1c151f9664a73.com,AVAILABILITY,easylist_adservers.txt,/home/runner/work/EasyList/EasyList/easylist_adservers.txt,2021-01-29 07:13:30.414556
a02d0adbca0.com,AVAILABILITY,easylist_adservers.txt,/home/runner/work/EasyList/EasyList/easylist_adservers.txt,2021-01-29 07:16:15.128790
a2ba3784cb354807d.com,AVAILABILITY,easylist_adservers.txt,/home/runner/work/EasyList/EasyList/easylist_adservers.txt,2021-01-29 07:19:35.756347
a46b257bc29b.com,AVAILABILITY,easylist_adservers.txt,/home/runner/work/EasyList/EasyList/easylist_adservers.txt,2021-01-29 07:22:19.064711
a5e04df959f1af34.com,AVAILABILITY,easylist_adservers.txt,/home/runner/work/EasyList/EasyList/easylist_adservers.txt,2021-01-29 07:25:14.056856
a69ee4fa50dc3.com,AVAILABILITY,easylist_adservers.txt,/home/runner/work/EasyList/EasyList/easylist_adservers.txt,2021-01-29 07:27:55.542012
a8c37822e110e3.com,AVAILABILITY,easylist_adservers.txt,/home/runner/work/EasyList/EasyList/easylist_adservers.txt,2021-01-29 08:45:47.462347
a911a1ed6c0.com,AVAILABILITY,easylist_adservers.txt,/home/runner/work/EasyList/EasyList/easylist_adservers.txt,2021-01-29 08:48:28.557852
a940db0846408b2.com,AVAILABILITY,easylist_adservers.txt,/home/runner/work/EasyList/EasyList/easylist_adservers.txt,2021-01-29 08:51:12.434039
aaitudxr.com,AVAILABILITY,easylist_adservers.txt,/home/runner/work/EasyList/EasyList/easylist_adservers.txt,2021-01-29 08:53:55.095727
aamejtdlmk.com,AVAILABILITY,easylist_adservers.txt,/home/runner/work/EasyList/EasyList/easylist_adservers.txt,2021-01-29 08:57:15.959717
aamhrnptzw.com,AVAILABILITY,easylist_adservers.txt,/home/runner/work/EasyList/EasyList/easylist_adservers.txt,2021-01-29 09:00:29.043252
aaqpsddtjnsmug.com,AVAILABILITY,easylist_adservers.txt,/home/runner/work/EasyList/EasyList/easylist_adservers.txt,2021-01-29 09:03:29.685497
aarqdivjxstu.com,AVAILABILITY,easylist_adservers.txt,/home/runner/work/EasyList/EasyList/easylist_adservers.txt,2021-01-29 09:06:11.671471
aaxtuhit.com,AVAILABILITY,easylist_adservers.txt,/home/runner/work/EasyList/EasyList/easylist_adservers.txt,2021-01-29 09:08:53.593318
aayeljzpuu.com,AVAILABILITY,easylist_adservers.txt,/home/runner/work/EasyList/EasyList/easylist_adservers.txt,2021-01-29 09:11:35.266478
aazwugtom.com,AVAILABILITY,easylist_adservers.txt,/home/runner/work/EasyList/EasyList/easylist_adservers.txt,2021-01-29 09:14:16.936574
abjusouft.com,AVAILABILITY,easylist_adservers.txt,/home/runner/work/EasyList/EasyList/easylist_adservers.txt,2021-01-29 09:17:03.019145
abodealley.com,AVAILABILITY,easylist_adservers.txt,/home/runner/work/EasyList/EasyList/easylist_adservers.txt,2021-01-29 09:19:45.705755
abonmgghehh.com,AVAILABILITY,easylist_adservers.txt,/home/runner/work/EasyList/EasyList/easylist_adservers.txt,2021-01-29 09:22:58.837749
aboybvnm.com,AVAILABILITY,easylist_adservers.txt,/home/runner/work/EasyList/EasyList/easylist_adservers.txt,2021-01-29 09:26:09.578590
abxlmhllf.com,AVAILABILITY,easylist_adservers.txt,/home/runner/work/EasyList/EasyList/easylist_adservers.txt,2021-01-29 09:28:53.955411
abzoyyjybskvna.com,AVAILABILITY,easylist_adservers.txt,/home/runner/work/EasyList/EasyList/easylist_adservers.txt,2021-01-29 10:49:46.731945
acacexjsh.com,AVAILABILITY,easylist_adservers.txt,/home/runner/work/EasyList/EasyList/easylist_adservers.txt,2021-01-29 10:52:24.669126
acbsuicxkoyef.com,AVAILABILITY,easylist_adservers.txt,/home/runner/work/EasyList/EasyList/easylist_adservers.txt,2021-01-29 10:55:01.123349
acidityfoamy.com,AVAILABILITY,easylist_adservers.txt,/home/runner/work/EasyList/EasyList/easylist_adservers.txt,2021-01-29 10:57:41.646626
acirtpkh.com,AVAILABILITY,easylist_adservers.txt,/home/runner/work/EasyList/EasyList/easylist_adservers.txt,2021-01-29 11:00:39.172412
acrmzrucy.com,AVAILABILITY,easylist_adservers.txt,/home/runner/work/EasyList/EasyList/easylist_adservers.txt,2021-01-29 11:03:35.241857
acticgreasonsc.info,AVAILABILITY,easylist_adservers.txt,/home/runner/work/EasyList/EasyList/easylist_adservers.txt,2021-01-29 11:06:12.780261
actinopterygien.website,AVAILABILITY,easylist_adservers.txt,/home/runner/work/EasyList/EasyList/easylist_adservers.txt,2021-01-29 11:08:49.854837
adearsened.info,AVAILABILITY,easylist_adservers.txt,/home/runner/work/EasyList/EasyList/easylist_adservers.txt,2021-01-29 11:11:33.785915
adenabler.com,AVAILABILITY,easylist_adservers.txt,/home/runner/work/EasyList/EasyList/easylist_adservers.txt,2021-01-29 11:14:10.962471
adezrvjcbyu.com,AVAILABILITY,easylist_adservers.txt,/home/runner/work/EasyList/EasyList/easylist_adservers.txt,2021-01-29 11:16:48.197348
adfrastingathles.info,AVAILABILITY,easylist_adservers.txt,/home/runner/work/EasyList/EasyList/easylist_adservers.txt,2021-01-29 11:19:26.018815
adlipacbrakmjp.com,AVAILABILITY,easylist_adservers.txt,/home/runner/work/EasyList/EasyList/easylist_adservers.txt,2021-01-29 11:22:04.572660
adnetxchange.com,AVAILABILITY,easylist_adservers.txt,/home/runner/work/EasyList/EasyList/easylist_adservers.txt,2021-01-29 11:24:41.726033
adnsvuxmpaycdf.com,AVAILABILITY,easylist_adservers.txt,/home/runner/work/EasyList/EasyList/easylist_adservers.txt,2021-01-29 11:27:18.356918
adqvauwe.com,AVAILABILITY,easylist_adservers.txt,/home/runner/work/EasyList/EasyList/easylist_adservers.txt,2021-01-29 11:29:58.525208
adultoafiliados.com.br,AVAILABILITY,easylist_adservers.txt,/home/runner/work/EasyList/EasyList/easylist_adservers.txt,2021-01-29 11:38:46.558961
adv777.com,AVAILABILITY,easylist_adservers.txt,/home/runner/work/EasyList/EasyList/easylist_adservers.txt,2021-01-29 12:51:24.845427
advsense.info,AVAILABILITY,easylist_adservers.txt,/home/runner/work/EasyList/EasyList/easylist_adservers.txt,2021-01-29 12:54:09.680831
advserver.xyz,AVAILABILITY,easylist_adservers.txt,/home/runner/work/EasyList/EasyList/easylist_adservers.txt,2021-01-29 12:56:51.668843
adziondin.club,AVAILABILITY,easylist_adservers.txt,/home/runner/work/EasyList/EasyList/easylist_adservers.txt,2021-01-29 12:59:36.442244
ae3482c74b1a99f.com,AVAILABILITY,easylist_adservers.txt,/home/runner/work/EasyList/EasyList/easylist_adservers.txt,2021-01-29 13:02:18.851975
aeeefzfuk.com,AVAILABILITY,easylist_adservers.txt,/home/runner/work/EasyList/EasyList/easylist_adservers.txt,2021-01-29 13:05:00.374987
aegzjowko.com,AVAILABILITY,easylist_adservers.txt,/home/runner/work/EasyList/EasyList/easylist_adservers.txt,2021-01-29 13:07:44.266796
aehdgzigy.com,AVAILABILITY,easylist_adservers.txt,/home/runner/work/EasyList/EasyList/easylist_adservers.txt,2021-01-29 13:10:25.848228
afaeqxnbylkxp.com,AVAILABILITY,easylist_adservers.txt,/home/runner/work/EasyList/EasyList/easylist_adservers.txt,2021-01-29 13:13:25.538658
afcxojqr.com,AVAILABILITY,easylist_adservers.txt,/home/runner/work/EasyList/EasyList/easylist_adservers.txt,2021-01-29 13:16:07.086729
afqveoju.com,AVAILABILITY,easylist_adservers.txt,/home/runner/work/EasyList/EasyList/easylist_adservers.txt,2021-01-29 13:19:15.071525
afrfndbumyyt.com,AVAILABILITY,easylist_adservers.txt,/home/runner/work/EasyList/EasyList/easylist_adservers.txt,2021-01-29 13:21:56.266829
afxvaqbbd.com,AVAILABILITY,easylist_adservers.txt,/home/runner/work/EasyList/EasyList/easylist_adservers.txt,2021-01-29 13:24:37.883773
afzcqqdhkn.com,AVAILABILITY,easylist_adservers.txt,/home/runner/work/EasyList/EasyList/easylist_adservers.txt,2021-01-29 13:27:37.639041
aggravedgaree.info,AVAILABILITY,easylist_adservers.txt,/home/runner/work/EasyList/EasyList/easylist_adservers.txt,2021-01-29 13:30:20.500765
aghchnfzt.com,AVAILABILITY,easylist_adservers.txt,/home/runner/work/EasyList/EasyList/easylist_adservers.txt,2021-01-29 13:33:23.556363
agkxwjwutrhw.com,AVAILABILITY,easylist_adservers.txt,/home/runner/work/EasyList/EasyList/easylist_adservers.txt,2021-01-29 13:36:26.368960
agpiysffnuld.com,AVAILABILITY,easylist_adservers.txt,/home/runner/work/EasyList/EasyList/easylist_adservers.txt,2021-01-29 14:40:35.671244
agqjjcwm.com,AVAILABILITY,easylist_adservers.txt,/home/runner/work/EasyList/EasyList/easylist_adservers.txt,2021-01-29 14:43:12.581724
agrammemarg.info,AVAILABILITY,easylist_adservers.txt,/home/runner/work/EasyList/EasyList/easylist_adservers.txt,2021-01-29 14:45:49.587562
agzfxovg.com,AVAILABILITY,easylist_adservers.txt,/home/runner/work/EasyList/EasyList/easylist_adservers.txt,2021-01-29 14:48:26.939280
agzlxyylf.com,AVAILABILITY,easylist_adservers.txt,/home/runner/work/EasyList/EasyList/easylist_adservers.txt,2021-01-29 14:51:23.790369
ahbcagaazvtuh.com,AVAILABILITY,easylist_adservers.txt,/home/runner/work/EasyList/EasyList/easylist_adservers.txt,2021-01-29 14:54:19.580924
ahcnxuepput.com,AVAILABILITY,easylist_adservers.txt,/home/runner/work/EasyList/EasyList/easylist_adservers.txt,2021-01-29 14:56:56.197309
ahneiwkpsnxign.com,AVAILABILITY,easylist_adservers.txt,/home/runner/work/EasyList/EasyList/easylist_adservers.txt,2021-01-29 14:59:34.004089
ahqpqpdjpj.com,AVAILABILITY,easylist_adservers.txt,/home/runner/work/EasyList/EasyList/easylist_adservers.txt,2021-01-29 15:02:34.645223
ahrcwekji.com,AVAILABILITY,easylist_adservers.txt,/home/runner/work/EasyList/EasyList/easylist_adservers.txt,2021-01-29 15:05:11.500879
ahtkajcs.com,AVAILABILITY,easylist_adservers.txt,/home/runner/work/EasyList/EasyList/easylist_adservers.txt,2021-01-29 15:07:48.164656
ahwzvnqc.com,AVAILABILITY,easylist_adservers.txt,/home/runner/work/EasyList/EasyList/easylist_adservers.txt,2021-01-29 15:10:24.589946
ahyhhxpeeswgtl.com,AVAILABILITY,easylist_adservers.txt,/home/runner/work/EasyList/EasyList/easylist_adservers.txt,2021-01-29 15:13:27.584626
ahzdlvsli.com,AVAILABILITY,easylist_adservers.txt,/home/runner/work/EasyList/EasyList/easylist_adservers.txt,2021-01-29 15:16:27.779125
aichaima.top,AVAILABILITY,easylist_adservers.txt,/home/runner/work/EasyList/EasyList/easylist_adservers.txt,2021-01-29 15:19:10.253344
aidjodlthdaxq.com,AVAILABILITY,easylist_adservers.txt,/home/runner/work/EasyList/EasyList/easylist_adservers.txt,2021-01-29 15:22:07.823773
aifoosty.net,AVAILABILITY,easylist_adservers.txt,/home/runner/work/EasyList/EasyList/easylist_adservers.txt,2021-01-29 15:24:46.150357
aiidbowoj.com,AVAILABILITY,easylist_adservers.txt,/home/runner/work/EasyList/EasyList/easylist_adservers.txt,2021-01-29 17:10:09.312010
ailwayssteverin.info,AVAILABILITY,easylist_adservers.txt,/home/runner/work/EasyList/EasyList/easylist_adservers.txt,2021-01-29 17:12:51.908482
aimaniape.club,AVAILABILITY,easylist_adservers.txt,/home/runner/work/EasyList/EasyList/easylist_adservers.txt,2021-01-29 17:15:36.413921
aioemfxj.com,AVAILABILITY,easylist_adservers.txt,/home/runner/work/EasyList/EasyList/easylist_adservers.txt,2021-01-29 17:18:19.331427
airsanguages.info,AVAILABILITY,easylist_adservers.txt,/home/runner/work/EasyList/EasyList/easylist_adservers.txt,2021-01-29 17:21:03.752229
airstossiplarge.info,AVAILABILITY,easylist_adservers.txt,/home/runner/work/EasyList/EasyList/easylist_adservers.txt,2021-01-29 17:23:50.430978
aj2073.online,AVAILABILITY,easylist_adservers.txt,/home/runner/work/EasyList/EasyList/easylist_adservers.txt,2021-01-29 17:27:22.386612
ajcsjktzlqh.com,AVAILABILITY,easylist_adservers.txt,/home/runner/work/EasyList/EasyList/easylist_adservers.txt,2021-01-29 17:30:03.947481
ajszcymkv.com,AVAILABILITY,easylist_adservers.txt,/home/runner/work/EasyList/EasyList/easylist_adservers.txt,2021-01-29 17:32:45.298199
ajtctiiiaz.com,AVAILABILITY,easylist_adservers.txt,/home/runner/work/EasyList/EasyList/easylist_adservers.txt,2021-01-29 17:35:45.907629
ajuegtbkqnh.com,AVAILABILITY,easylist_adservers.txt,/home/runner/work/EasyList/EasyList/easylist_adservers.txt,2021-01-29 17:38:27.078197
akbeyfcu.com,AVAILABILITY,easylist_adservers.txt,/home/runner/work/EasyList/EasyList/easylist_adservers.txt,2021-01-29 17:41:08.241846
akuettddwkwtdx.com,AVAILABILITY,easylist_adservers.txt,/home/runner/work/EasyList/EasyList/easylist_adservers.txt,2021-01-29 17:43:50.281686
alahnavideos.pro,AVAILABILITY,easylist_adservers.txt,/home/runner/work/EasyList/EasyList/easylist_adservers.txt,2021-01-29 17:46:37.119072
alapsblu.com,AVAILABILITY,easylist_adservers.txt,/home/runner/work/EasyList/EasyList/easylist_adservers.txt,2021-01-29 17:49:21.002665
aleaidass.site,AVAILABILITY,easylist_adservers.txt,/home/runner/work/EasyList/EasyList/easylist_adservers.txt,2021-01-29 17:52:06.825045
alealebag.site,AVAILABILITY,easylist_adservers.txt,/home/runner/work/EasyList/EasyList/easylist_adservers.txt,2021-01-29 17:54:53.931010
alhistoriousg.info,AVAILABILITY,easylist_adservers.txt,/home/runner/work/EasyList/EasyList/easylist_adservers.txt,2021-01-29 18:52:19.211423
aliticalpassister.info,AVAILABILITY,easylist_adservers.txt,/home/runner/work/EasyList/EasyList/easylist_adservers.txt,2021-01-29 18:54:57.797124
alldeveldefinite.info,AVAILABILITY,easylist_adservers.txt,/home/runner/work/EasyList/EasyList/easylist_adservers.txt,2021-01-29 18:57:36.402451
allycollegedstrie.info,AVAILABILITY,easylist_adservers.txt,/home/runner/work/EasyList/EasyList/easylist_adservers.txt,2021-01-29 19:00:19.928670
alnsvbmp.com,AVAILABILITY,easylist_adservers.txt,/home/runner/work/EasyList/EasyList/easylist_adservers.txt,2021-01-29 19:03:16.955225
alruqbfjg.com,AVAILABILITY,easylist_adservers.txt,/home/runner/work/EasyList/EasyList/easylist_adservers.txt,2021-01-29 19:06:13.425454
alszaaceaz.com,AVAILABILITY,easylist_adservers.txt,/home/runner/work/EasyList/EasyList/easylist_adservers.txt,2021-01-29 19:09:08.359003
alvfzqwkb.com,AVAILABILITY,easylist_adservers.txt,/home/runner/work/EasyList/EasyList/easylist_adservers.txt,2021-01-29 19:11:44.934594
alwkvwdxqojyce.com,AVAILABILITY,easylist_adservers.txt,/home/runner/work/EasyList/EasyList/easylist_adservers.txt,2021-01-29 19:14:40.330578
alwsbnvialll.com,AVAILABILITY,easylist_adservers.txt,/home/runner/work/EasyList/EasyList/easylist_adservers.txt,2021-01-29 19:17:35.736423
amakwktrnb.com,AVAILABILITY,easylist_adservers.txt,/home/runner/work/EasyList/EasyList/easylist_adservers.txt,2021-01-29 19:20:14.025188
amaqvmfd.com,AVAILABILITY,easylist_adservers.txt,/home/runner/work/EasyList/EasyList/easylist_adservers.txt,2021-01-29 19:22:50.404837
amaumomt.com,AVAILABILITY,easylist_adservers.txt,/home/runner/work/EasyList/EasyList/easylist_adservers.txt,2021-01-29 19:25:31.076258
amcpusvcit.com,AVAILABILITY,easylist_adservers.txt,/home/runner/work/EasyList/EasyList/easylist_adservers.txt,2021-01-29 19:28:07.595274
amifgpprfrbsm.com,AVAILABILITY,easylist_adservers.txt,/home/runner/work/EasyList/EasyList/easylist_adservers.txt,2021-01-29 19:30:46.259783
amjrfmhtmoyan.com,AVAILABILITY,easylist_adservers.txt,/home/runner/work/EasyList/EasyList/easylist_adservers.txt,2021-01-29 19:33:22.550369
ampallall.site,AVAILABILITY,easylist_adservers.txt,/home/runner/work/EasyList/EasyList/easylist_adservers.txt,2021-01-29 19:35:59.490666
amrnhiqy.com,AVAILABILITY,easylist_adservers.txt,/home/runner/work/EasyList/EasyList/easylist_adservers.txt,2021-01-29 20:40:59.065434
amswtlxkvzc.com,AVAILABILITY,easylist_adservers.txt,/home/runner/work/EasyList/EasyList/easylist_adservers.txt,2021-01-29 20:48:51.003593
amxodxmsuwdhn.com,AVAILABILITY,easylist_adservers.txt,/home/runner/work/EasyList/EasyList/easylist_adservers.txt,2021-01-29 20:51:29.031213
anbalxkcpwa.com,AVAILABILITY,easylist_adservers.txt,/home/runner/work/EasyList/EasyList/easylist_adservers.txt,2021-01-29 20:54:06.513628
andbaybay.club,AVAILABILITY,easylist_adservers.txt,/home/runner/work/EasyList/EasyList/easylist_adservers.txt,2021-01-29 20:56:45.264779
andvqrqaeu.com,AVAILABILITY,easylist_adservers.txt,/home/runner/work/EasyList/EasyList/easylist_adservers.txt,2021-01-29 20:59:43.972126
anerqdd.ga,AVAILABILITY,easylist_adservers.txt,/home/runner/work/EasyList/EasyList/easylist_adservers.txt,2021-01-29 21:02:26.467891
anthropophile.site,AVAILABILITY,easylist_adservers.txt,/home/runner/work/EasyList/EasyList/easylist_adservers.txt,2021-01-29 21:05:06.713966
anvtnqpbkjyk.com,AVAILABILITY,easylist_adservers.txt,/home/runner/work/EasyList/EasyList/easylist_adservers.txt,2021-01-29 21:07:43.661289
anycadark.site,AVAILABILITY,easylist_adservers.txt,/home/runner/work/EasyList/EasyList/easylist_adservers.txt,2021-01-29 21:10:20.307218
anyonemyth.com,AVAILABILITY,easylist_adservers.txt,/home/runner/work/EasyList/EasyList/easylist_adservers.txt,2021-01-29 21:12:56.734035
aodsywsxzquemt.com,AVAILABILITY,easylist_adservers.txt,/home/runner/work/EasyList/EasyList/easylist_adservers.txt,2021-01-29 21:15:52.916909
aopxnvrugx.com,AVAILABILITY,easylist_adservers.txt,/home/runner/work/EasyList/EasyList/easylist_adservers.txt,2021-01-29 21:18:29.472609
aoqvizrign.com,AVAILABILITY,easylist_adservers.txt,/home/runner/work/EasyList/EasyList/easylist_adservers.txt,2021-01-29 21:21:26.656836
aosztecuq.com,AVAILABILITY,easylist_adservers.txt,/home/runner/work/EasyList/EasyList/easylist_adservers.txt,2021-01-29 21:24:10.464787
